,NameYear,Price,CarParams,url
0,"Ford Focus, 2013",500 000 ₽,"114 000 км, 2.0 AMT (150 л.с.), универсал, передний, бензин",https://www.avito.ru/moskva/avtomobili/ford_focus_2013_2108676493
1,"Ford Focus, 2016",759 000 ₽,"57 000 км, 1.6 AMT (105 л.с.), седан, передний, бензин",https://www.avito.ru/moskva/avtomobili/ford_focus_2016_2084621385
2,"Ford Focus, 2015",590 000 ₽,"159 000 км, 1.6 AMT (125 л.с.), универсал, передний, бензин",https://www.avito.ru/moskva/avtomobili/ford_focus_2015_2077324741
3,"Ford Focus, 2010",395 000 ₽,"145 000 км, 2.0 AT (145 л.с.), хетчбэк, передний, бензин",https://www.avito.ru/moskva/avtomobili/ford_focus_2010_2087573805
4,"Ford Focus, 2016",799 000 ₽,"52 000 км, 1.5 AT (150 л.с.), универсал, передний, бензин",https://www.avito.ru/moskva/avtomobili/ford_focus_2016_2080129444
5,"Ford Focus, 2005",260 000 ₽,"247 583 км, 1.6 AT (100 л.с.), седан, передний, бензин",https://www.avito.ru/moskva/avtomobili/ford_focus_2005_2101603096
6,"Ford Focus, 2010",368 000 ₽,"208 358 км, 1.6 AT (100 л.с.), хетчбэк, передний, бензин",https://www.avito.ru/moskva/avtomobili/ford_focus_2010_2087180292
7,"Ford Focus, 2012",447 000 ₽,"183 602 км, 1.6 MT (125 л.с.), седан, передний, бензин",https://www.avito.ru/moskva/avtomobili/ford_focus_2012_2111599291
8,"Ford Focus, 2010",778 000 ₽,"49 932 км, 2.0 AT (145 л.с.), хетчбэк, передний, бензин",https://www.avito.ru/moskva/avtomobili/ford_focus_2010_2087107799
9,"Ford Focus, 2012",557 000 ₽,"111 918 км, 1.6 MT (125 л.с.), хетчбэк, передний, бензин",https://www.avito.ru/moskva/avtomobili/ford_focus_2012_2086948395
10,"Ford Focus, 2010",778 000 ₽,"49 932 км, 2.0 AT (145 л.с.), хетчбэк, передний, бензин",https://www.avito.ru/moskva/avtomobili/ford_focus_2010_2087107799
11,"Ford Focus, 2006",250 000 ₽,"220 000 км, 2.0 MT (145 л.с.), хетчбэк, передний, бензин",https://www.avito.ru/moskva/avtomobili/ford_focus_2006_2088816154
12,"Ford Focus, 2015",664 355 ₽,"90 258 км, 1.6 AMT (125 л.с.), седан, передний, бензин",https://www.avito.ru/moskva/avtomobili/ford_focus_2015_2079154871
13,"Ford Focus, 2006",250 000 ₽,"220 000 км, 2.0 MT (145 л.с.), хетчбэк, передний, бензин",https://www.avito.ru/moskva/avtomobili/ford_focus_2006_2088816154
14,"Ford Focus, 2010",368 000 ₽,"208 358 км, 1.6 AT (100 л.с.), хетчбэк, передний, бензин",https://www.avito.ru/moskva/avtomobili/ford_focus_2010_2087180292
15,"Ford Focus, 2015",590 000 ₽,"159 000 км, 1.6 AMT (125 л.с.), универсал, передний, бензин",https://www.avito.ru/moskva/avtomobili/ford_focus_2015_2077324741
16,"Ford Focus, 2000",210 000 ₽,"246 000 км, 2.0 AT (131 л.с.), седан, передний, бензин",https://www.avito.ru/moskva/avtomobili/ford_focus_2000_2105222754
17,"Ford Focus, 2013",618 000 ₽,"122 365 км, 1.6 MT (125 л.с.), хетчбэк, передний, бензин",https://www.avito.ru/moskva/avtomobili/ford_focus_2013_2088966408
18,"Ford Focus, 2012",557 000 ₽,"111 918 км, 1.6 MT (125 л.с.), хетчбэк, передний, бензин",https://www.avito.ru/moskva/avtomobili/ford_focus_2012_2086948395
19,"Ford Focus, 2012",549 000 ₽,"163 000 км, 2.0 AMT (150 л.с.), универсал, передний, бензин",https://www.avito.ru/moskva/avtomobili/ford_focus_2012_2087551931
20,"Ford Focus, 2001",215 000 ₽,"127 940 км, 2.0 AT (131 л.с.), седан, передний, бензин",https://www.avito.ru/moskva/avtomobili/ford_focus_2001_2055770796
21,"Ford Focus, 2012",519 000 ₽,"121 000 км, 2.0 AMT (150 л.с.), седан, передний, бензин",https://www.avito.ru/moskva/avtomobili/ford_focus_2012_2079933071
22,"Ford Focus, 2012",469 990 ₽,"144 443 км, 1.6 AMT (125 л.с.), универсал, передний, бензин",https://www.avito.ru/moskva/avtomobili/ford_focus_2012_2111613992
23,"Ford Focus, 2015",662 000 ₽,"150 588 км, 1.6 AMT (125 л.с.), универсал, передний, бензин",https://www.avito.ru/moskva/avtomobili/ford_focus_2015_2071244302
24,"Ford Focus, 2006",239 000 ₽,"283 088 км, 1.8 MT (125 л.с.), седан, передний, бензин",https://www.avito.ru/moskva/avtomobili/ford_focus_2006_2052626927
25,"Ford Focus, 2018",900 000 ₽,"32 047 км, 1.6 AMT (105 л.с.), хетчбэк, передний, бензин",https://www.avito.ru/moskva/avtomobili/ford_focus_2018_2103748174
26,"Ford Focus, 2009",419 000 ₽,"116 000 км, 2.0 AT (145 л.с.), седан, передний, бензин",https://www.avito.ru/moskva/avtomobili/ford_focus_2009_2104350253
27,"Ford Focus, 2012",447 000 ₽,"183 602 км, 1.6 MT (125 л.с.), седан, передний, бензин",https://www.avito.ru/moskva/avtomobili/ford_focus_2012_2111599291
28,"Ford Focus, 2017",1 045 000 ₽,"16 165 км, 1.6 MT (125 л.с.), седан, передний, бензин",https://www.avito.ru/moskva/avtomobili/ford_focus_2017_2103008061
29,"Ford Focus, 2014",600 000 ₽,"56 458 км, 1.6 AMT (125 л.с.), седан, передний, бензин",https://www.avito.ru/moskva/avtomobili/ford_focus_2014_2084389990
30,"Ford Focus, 2008",339 000 ₽,"124 000 км, 1.8 MT (125 л.с.), седан, передний, бензин",https://www.avito.ru/moskva/avtomobili/ford_focus_2008_2072978476
31,"Ford Focus, 2005",330 000 ₽,"188 000 км, 2.0 MT (145 л.с.), седан, передний, бензин",https://www.avito.ru/moskva/avtomobili/ford_focus_2005_2103661837
32,"Ford Focus, 2010",469 000 ₽,"156 000 км, 1.8 MT (125 л.с.), седан, передний, бензин",https://www.avito.ru/moskva/avtomobili/ford_focus_2010_2082365782
33,"Ford Focus, 2018",230 000 ₽,"Битый, 124 000 км, 1.6 AMT (105 л.с.), универсал, передний, бензин",https://www.avito.ru/moskva/avtomobili/ford_focus_2018_2062125580
34,"Ford Focus, 2004",210 000 ₽,"169 000 км, 1.6 MT (100 л.с.), универсал, передний, бензин",https://www.avito.ru/moskva/avtomobili/ford_focus_2004_2109690578
35,"Ford Focus, 2013",490 000 ₽,"195 000 км, 1.6 AMT (125 л.с.), седан, передний, бензин",https://www.avito.ru/moskva/avtomobili/ford_focus_2013_2097051073
36,"Ford Focus, 2019",1 174 000 ₽,"9 174 км, 1.6 AMT (125 л.с.), седан, передний, бензин",https://www.avito.ru/moskva/avtomobili/ford_focus_2019_2111736607
37,"Ford Focus, 2004",229 000 ₽,"140 000 км, 1.8 MT (115 л.с.), хетчбэк, передний, бензин",https://www.avito.ru/moskva/avtomobili/ford_focus_2004_2111264061
38,"Ford Focus, 2004",174 899 ₽,"136 000 км, 1.6 MT (98 л.с.), хетчбэк, передний, бензин",https://www.avito.ru/moskva/avtomobili/ford_focus_2004_2092127028
39,"Ford Focus, 2008",360 000 ₽,"155 136 км, 1.6 MT (100 л.с.), хетчбэк, передний, бензин",https://www.avito.ru/moskva/avtomobili/ford_focus_2008_2086263427
40,"Ford Focus, 2010",375 000 ₽,"179 356 км, 1.6 AT (100 л.с.), седан, передний, бензин",https://www.avito.ru/moskva/avtomobili/ford_focus_2010_2109284158
41,"Ford Focus, 2006",270 000 ₽,"152 180 км, 1.6 MT (115 л.с.), седан, передний, бензин",https://www.avito.ru/moskva/avtomobili/ford_focus_2006_2076880690
42,"Ford Focus, 2012",590 000 ₽,"136 000 км, 2.0 MT (150 л.с.), хетчбэк, передний, бензин",https://www.avito.ru/moskva/avtomobili/ford_focus_2012_2111647690
43,"Ford Focus, 2013",615 000 ₽,"100 000 км, 2.0 AMT (150 л.с.), хетчбэк, передний, бензин",https://www.avito.ru/moskva/avtomobili/ford_focus_2013_2092183734
44,"Ford Focus, 2012",495 000 ₽,"110 000 км, 2.0 AMT (150 л.с.), хетчбэк, передний, бензин",https://www.avito.ru/moskva/avtomobili/ford_focus_2012_1934980696
45,"Ford Focus, 2010",380 000 ₽,"107 000 км, 1.6 MT (100 л.с.), седан, передний, бензин",https://www.avito.ru/moskva/avtomobili/ford_focus_2010_1903344682
46,"Ford Focus, 2008",340 000 ₽,"167 000 км, 1.8 MT (125 л.с.), седан, передний, бензин",https://www.avito.ru/moskva/avtomobili/ford_focus_2008_2031178579
47,"Ford Focus, 2007",250 000 ₽,"199 000 км, 1.6 MT (100 л.с.), седан, передний, бензин",https://www.avito.ru/moskva/avtomobili/ford_focus_2007_2053586859
48,"Ford Focus, 2014",545 000 ₽,"121 000 км, 1.6 AMT (125 л.с.), универсал, передний, бензин",https://www.avito.ru/moskva/avtomobili/ford_focus_2014_2063294863
49,"Ford Focus, 2008",315 000 ₽,"190 000 км, 1.6 MT (100 л.с.), седан, передний, бензин",https://www.avito.ru/moskva/avtomobili/ford_focus_2008_2098412897
50,"Ford Focus, 2006",220 000 ₽,"213 000 км, 1.6 MT (100 л.с.), седан, передний, бензин",https://www.avito.ru/moskva/avtomobili/ford_focus_2006_2122855683
51,"Ford Focus, 2014",550 000 ₽,"117 000 км, 1.6 AMT (105 л.с.), универсал, передний, бензин",https://www.avito.ru/moskva/avtomobili/ford_focus_2014_2063533740
52,"Ford Focus, 2006",350 000 ₽,"124 000 км, 1.8 MT (125 л.с.), седан, передний, бензин",https://www.avito.ru/moskva/avtomobili/ford_focus_2006_2139860071
53,"Ford Focus, 2010",375 000 ₽,"118 528 км, 1.6 AT (100 л.с.), седан, передний, бензин",https://www.avito.ru/moskva/avtomobili/ford_focus_2010_2038237343
54,"Ford Focus, 2017",760 000 ₽,"82 000 км, 1.6 MT (125 л.с.), универсал, передний, бензин",https://www.avito.ru/moskva/avtomobili/ford_focus_2017_2106795892
55,"Ford Focus, 2007",260 000 ₽,"170 000 км, 2.0 MT (145 л.с.), седан, передний, бензин",https://www.avito.ru/moskva/avtomobili/ford_focus_2007_2109499939
56,"Ford Focus, 2006",280 000 ₽,"178 000 км, 1.6 MT (100 л.с.), седан, передний, бензин",https://www.avito.ru/moskva/avtomobili/ford_focus_2006_2096490895
57,"Ford Focus, 2013",510 000 ₽,"93 000 км, 1.6 MT (105 л.с.), седан, передний, бензин",https://www.avito.ru/moskva/avtomobili/ford_focus_2013_2104244017
58,"Ford Focus, 2006",310 000 ₽,"147 367 км, 2.0 MT (145 л.с.), седан, передний, бензин",https://www.avito.ru/moskva/avtomobili/ford_focus_2006_2101397041
59,"Ford Focus, 2006",230 000 ₽,"211 000 км, 1.6 MT (100 л.с.), седан, передний, бензин",https://www.avito.ru/moskva/avtomobili/ford_focus_2006_2113179850
60,"Ford Focus, 2017",649 000 ₽,"144 000 км, 1.6 AMT (105 л.с.), универсал, передний, бензин",https://www.avito.ru/moskva/avtomobili/ford_focus_2017_2091468808
61,"Ford Focus, 2007",230 000 ₽,"246 000 км, 1.8 MT (125 л.с.), седан, передний, бензин",https://www.avito.ru/moskva/avtomobili/ford_focus_2007_2100358396
62,"Ford Focus, 2007",277 000 ₽,"198 000 км, 1.6 AT (100 л.с.), седан, передний, бензин",https://www.avito.ru/moskva/avtomobili/ford_focus_2007_2129251072
63,"Ford Focus, 2005",260 000 ₽,"247 583 км, 1.6 AT (100 л.с.), седан, передний, бензин",https://www.avito.ru/moskva/avtomobili/ford_focus_2005_2101603096
64,"Ford Focus, 2008",388 000 ₽,"143 000 км, 1.6 MT (115 л.с.), седан, передний, бензин",https://www.avito.ru/moskva/avtomobili/ford_focus_2008_2087390181
65,"Ford Focus, 2011",430 000 ₽,"124 000 км, 1.6 AT (100 л.с.), хетчбэк, передний, бензин",https://www.avito.ru/moskva/avtomobili/ford_focus_2011_2094916662
66,"Ford Focus, 2008",375 000 ₽,"144 000 км, 1.6 MT (115 л.с.), хетчбэк, передний, бензин",https://www.avito.ru/moskva/avtomobili/ford_focus_2008_2095323296
67,"Ford Focus, 2016",645 000 ₽,"81 952 км, 1.6 AMT (105 л.с.), универсал, передний, бензин",https://www.avito.ru/moskva/avtomobili/ford_focus_2016_2102245119
68,"Ford Focus, 2006",255 000 ₽,"199 900 км, 1.6 AT (100 л.с.), хетчбэк, передний, бензин",https://www.avito.ru/moskva/avtomobili/ford_focus_2006_2094966089
69,"Ford Focus, 2010",395 000 ₽,"145 000 км, 2.0 AT (145 л.с.), хетчбэк, передний, бензин",https://www.avito.ru/moskva/avtomobili/ford_focus_2010_2087573805
70,"Ford Focus, 2000",210 000 ₽,"246 000 км, 2.0 AT (131 л.с.), седан, передний, бензин",https://www.avito.ru/moskva/avtomobili/ford_focus_2000_2105222754
71,"Ford Focus, 2013",500 000 ₽,"114 000 км, 2.0 AMT (150 л.с.), универсал, передний, бензин",https://www.avito.ru/moskva/avtomobili/ford_focus_2013_2108676493
72,"Ford Focus, 2009",360 000 ₽,"114 000 км, 1.6 MT (100 л.с.), универсал, передний, бензин",https://www.avito.ru/moskva/avtomobili/ford_focus_2009_2099382176
73,"Ford Focus, 2013",525 000 ₽,"145 000 км, 2.0 AMT (150 л.с.), универсал, передний, бензин",https://www.avito.ru/moskva/avtomobili/ford_focus_2013_2079706317
74,"Ford Focus, 2012",555 000 ₽,"143 000 км, 2.0 AMT (150 л.с.), хетчбэк, передний, бензин",https://www.avito.ru/moskva/avtomobili/ford_focus_2012_2092785866
75,"Ford Focus, 2007",270 000 ₽,"230 000 км, 1.8 MT (125 л.с.), хетчбэк, передний, бензин",https://www.avito.ru/moskva/avtomobili/ford_focus_2007_2068528943
76,"Ford Focus, 2008",350 000 ₽,"215 700 км, 1.8 MT (125 л.с.), хетчбэк, передний, бензин",https://www.avito.ru/moskva/avtomobili/ford_focus_2008_2099491902
77,"Ford Focus, 2008",370 000 ₽,"190 000 км, 1.8 MT (125 л.с.), седан, передний, бензин",https://www.avito.ru/moskva/avtomobili/ford_focus_2008_2098874099
78,"Ford Focus, 2012",699 000 ₽,"52 000 км, 2.0 AMT (150 л.с.), седан, передний, бензин",https://www.avito.ru/moskva/avtomobili/ford_focus_2012_2089394048
79,"Ford Focus, 2016",850 000 ₽,"82 413 км, 1.5 AT (150 л.с.), хетчбэк, передний, бензин",https://www.avito.ru/moskva/avtomobili/ford_focus_2016_2103307878
80,"Ford Focus, 2002",75 000 ₽,"250 000 км, 1.8 MT (115 л.с.), седан, передний, бензин",https://www.avito.ru/moskva/avtomobili/ford_focus_2002_2086916332
81,"Ford Focus, 2003",249 000 ₽,"183 832 км, 1.8 MT (115 л.с.), седан, передний, бензин",https://www.avito.ru/kirovskaya_oblast_kirov/avtomobili/ford_focus_2003_2113102749
82,"Ford Focus, 2001",215 000 ₽,"225 313 км, 1.8 MT (115 л.с.), универсал, передний, бензин",https://www.avito.ru/moskva/avtomobili/ford_focus_2001_2099499809
83,"Ford Focus, 2007",335 000 ₽,"145 000 км, 1.6 AT (100 л.с.), хетчбэк, передний, бензин",https://www.avito.ru/moskva/avtomobili/ford_focus_2007_2088577952
84,"Ford Focus, 2018",950 000 ₽,"35 000 км, 1.6 AMT (125 л.с.), хетчбэк, передний, бензин",https://www.avito.ru/moskva/avtomobili/ford_focus_2018_2096592161
85,"Ford Focus, 2012",320 000 ₽,"75 000 км, 1.6 AMT (105 л.с.), седан, передний, бензин",https://www.avito.ru/moskva/avtomobili/ford_focus_2012_2102219841
86,"Ford Focus, 2012",480 000 ₽,"121 000 км, 2.0 AMT (150 л.с.), хетчбэк, передний, бензин",https://www.avito.ru/moskva/avtomobili/ford_focus_2012_2084323778
87,"Ford Focus, 2010",450 000 ₽,"191 000 км, 1.6 AT (100 л.с.), седан, передний, бензин",https://www.avito.ru/moskva/avtomobili/ford_focus_2010_2102501480
88,"Ford Focus, 2010",370 000 ₽,"188 524 км, 2.0 AT (145 л.с.), хетчбэк, передний, бензин",https://www.avito.ru/moskva/avtomobili/ford_focus_2010_2106837661
89,"Ford Focus, 2004",185 000 ₽,"220 000 км, 2.0 AT (111 л.с.), седан, передний, бензин",https://www.avito.ru/moskva/avtomobili/ford_focus_2004_2090898396
90,"Ford Focus, 2007",405 000 ₽,"124 100 км, 1.6 AT (100 л.с.), седан, передний, бензин",https://www.avito.ru/moskva/avtomobili/ford_focus_2007_2099867303
91,"Ford Focus, 2017",758 900 ₽,"93 945 км, 1.6 AMT (125 л.с.), хетчбэк, передний, бензин",https://www.avito.ru/voronezh/avtomobili/ford_focus_2017_2102840370
92,"Ford Focus, 2008",335 000 ₽,"173 000 км, 1.6 MT (115 л.с.), седан, передний, бензин",https://www.avito.ru/moskva/avtomobili/ford_focus_2008_2104297684
93,"Ford Focus, 2008",300 000 ₽,"138 000 км, 1.6 MT (115 л.с.), седан, передний, бензин",https://www.avito.ru/moskva/avtomobili/ford_focus_2008_2096072372
94,"Ford Focus, 2011",465 000 ₽,"108 000 км, 2.0 AT (145 л.с.), хетчбэк, передний, бензин",https://www.avito.ru/moskva/avtomobili/ford_focus_2011_2108147312
95,"Ford Focus, 2011",300 000 ₽,"190 000 км, 1.6 MT (100 л.с.), хетчбэк, передний, бензин",https://www.avito.ru/moskva/avtomobili/ford_focus_2011_2077940572
96,"Ford Focus, 2007",276 000 ₽,"201 500 км, 1.8 MT (125 л.с.), седан, передний, бензин",https://www.avito.ru/moskva/avtomobili/ford_focus_2007_2111870611
97,"Ford Focus, 2006",245 000 ₽,"261 200 км, 1.8 MT (125 л.с.), седан, передний, бензин",https://www.avito.ru/moskva/avtomobili/ford_focus_2006_2139179813
98,"Ford Focus, 2009",387 000 ₽,"98 000 км, 1.6 MT (115 л.с.), хетчбэк, передний, бензин",https://www.avito.ru/moskva/avtomobili/ford_focus_2009_2086444845
99,"Ford Focus, 2001",149 000 ₽,"76 640 км, 2.0 AT (131 л.с.), седан, передний, бензин",https://www.avito.ru/moskva/avtomobili/ford_focus_2001_2105024059
100,"Ford Focus, 2010",390 000 ₽,"180 000 км, 1.8 MT (125 л.с.), седан, передний, бензин",https://www.avito.ru/moskva/avtomobili/ford_focus_2010_2102465357
101,"Ford Focus, 2012",509 000 ₽,"126 738 км, 1.6 AMT (125 л.с.), хетчбэк, передний, бензин",https://www.avito.ru/moskva/avtomobili/ford_focus_2012_2109105106
102,"Ford Focus, 2007",264 000 ₽,"209 000 км, 1.6 MT (115 л.с.), седан, передний, бензин",https://www.avito.ru/moskva/avtomobili/ford_focus_2007_2084583288
103,"Ford Focus, 2010",410 000 ₽,"150 000 км, 1.6 AT (100 л.с.), седан, передний, бензин",https://www.avito.ru/moskva/avtomobili/ford_focus_2010_2095463882
104,"Ford Focus, 2007",260 000 ₽,"175 000 км, 1.8 MT (125 л.с.), седан, передний, бензин",https://www.avito.ru/moskva/avtomobili/ford_focus_2007_2106968943
105,"Ford Focus, 2009",375 000 ₽,"239 000 км, 1.6 MT (115 л.с.), хетчбэк, передний, бензин",https://www.avito.ru/moskva/avtomobili/ford_focus_2009_2082975350
106,"Ford Focus, 2008",339 000 ₽,"166 000 км, 1.8 MT (125 л.с.), хетчбэк, передний, бензин",https://www.avito.ru/moskva/avtomobili/ford_focus_2008_2105110790
107,"Ford Focus, 2013",365 000 ₽,"145 000 км, 1.6 AMT (125 л.с.), хетчбэк, передний, бензин",https://www.avito.ru/moskva/avtomobili/ford_focus_2013_2092393877
108,"Ford Focus, 2016",620 000 ₽,"68 000 км, 1.6 AMT (105 л.с.), универсал, передний, бензин",https://www.avito.ru/moskva/avtomobili/ford_focus_2016_2091350254
109,"Ford Focus, 2017",450 000 ₽,"Битый, 70 000 км, 1.6 MT (125 л.с.), седан, передний, бензин",https://www.avito.ru/moskva/avtomobili/ford_focus_2017_2093525097
110,"Ford Focus, 2007",310 000 ₽,"170 000 км, 1.6 MT (115 л.с.), хетчбэк, передний, бензин",https://www.avito.ru/moskva/avtomobili/ford_focus_2007_2093305592
111,"Ford Focus, 2012",515 000 ₽,"126 000 км, 1.6 AMT (125 л.с.), хетчбэк, передний, бензин",https://www.avito.ru/moskva/avtomobili/ford_focus_2012_2092128772
112,"Ford Focus, 2005",249 000 ₽,"138 000 км, 1.6 MT (98 л.с.), седан, передний, бензин",https://www.avito.ru/moskva/avtomobili/ford_focus_2005_2106120936
113,"Ford Focus, 2004",120 000 ₽,"317 062 км, 2.0 AT (111 л.с.), седан, передний, бензин",https://www.avito.ru/moskva/avtomobili/ford_focus_2004_2084071607
114,"Ford Focus, 2008",365 000 ₽,"127 000 км, 2.0 MT (145 л.с.), хетчбэк, передний, бензин",https://www.avito.ru/moskva/avtomobili/ford_focus_2008_2092581771
115,"Ford Focus, 2013",565 000 ₽,"65 000 км, 1.6 MT (105 л.с.), хетчбэк, передний, бензин",https://www.avito.ru/moskva/avtomobili/ford_focus_2013_2070061621
116,"Ford Focus, 2009",340 000 ₽,"233 000 км, 1.8 MT (125 л.с.), хетчбэк, передний, бензин",https://www.avito.ru/moskva_zelenograd/avtomobili/ford_focus_2009_2094316027
117,"Ford Focus, 2013",475 000 ₽,"170 000 км, 1.6 AMT (105 л.с.), хетчбэк, передний, бензин",https://www.avito.ru/moskva/avtomobili/ford_focus_2013_2113313884
118,"Ford Focus, 2012",575 000 ₽,"75 000 км, 1.6 AMT (125 л.с.), хетчбэк, передний, бензин",https://www.avito.ru/moskva/avtomobili/ford_focus_2012_2078735823
119,"Ford Focus, 2019",1 174 000 ₽,"9 174 км, 1.6 AMT (125 л.с.), седан, передний, бензин",https://www.avito.ru/moskva/avtomobili/ford_focus_2019_2111736607
120,"Ford Focus, 2012",469 990 ₽,"144 443 км, 1.6 AMT (125 л.с.), универсал, передний, бензин",https://www.avito.ru/moskva/avtomobili/ford_focus_2012_2111613992
121,"Ford Focus, 2006",239 000 ₽,"283 088 км, 1.8 MT (125 л.с.), седан, передний, бензин",https://www.avito.ru/moskva/avtomobili/ford_focus_2006_2052626927
122,"Ford Focus, 2010",385 000 ₽,"108 000 км, 1.6 MT (100 л.с.), хетчбэк, передний, бензин",https://www.avito.ru/moskva/avtomobili/ford_focus_2010_2107929045
123,"Ford Focus, 2013",649 000 ₽,"76 354 км, 2.0 AMT (150 л.с.), универсал, передний, бензин",https://www.avito.ru/moskva/avtomobili/ford_focus_2013_2109042130
124,"Ford Focus, 2015",645 000 ₽,"185 000 км, 1.6 MT (125 л.с.), хетчбэк, передний, бензин",https://www.avito.ru/moskva/avtomobili/ford_focus_2015_2104619608
125,"Ford Focus, 2015",664 355 ₽,"90 258 км, 1.6 AMT (125 л.с.), седан, передний, бензин",https://www.avito.ru/moskva/avtomobili/ford_focus_2015_2079154871
126,"Ford Focus, 2014",600 000 ₽,"56 458 км, 1.6 AMT (125 л.с.), седан, передний, бензин",https://www.avito.ru/moskva/avtomobili/ford_focus_2014_2084389990
127,"Ford Focus, 2012",519 000 ₽,"121 000 км, 2.0 AMT (150 л.с.), седан, передний, бензин",https://www.avito.ru/moskva/avtomobili/ford_focus_2012_2079933071
128,"Ford Focus, 2008",310 000 ₽,"159 000 км, 1.8 MT (125 л.с.), хетчбэк, передний, бензин",https://www.avito.ru/moskva/avtomobili/ford_focus_2008_2102075916
129,"Ford Focus, 2012",568 000 ₽,"124 800 км, 2.0 AMT (150 л.с.), хетчбэк, передний, бензин",https://www.avito.ru/ekaterinburg/avtomobili/ford_focus_2012_2084095644
130,"Ford Focus, 2003",135 000 ₽,"Битый, 220 000 км, 2.0 AT (130 л.с.), универсал, передний, бензин",https://www.avito.ru/moskva/avtomobili/ford_focus_2003_2084835445
131,"Ford Focus, 2008",255 000 ₽,"170 000 км, 1.6 MT (100 л.с.), хетчбэк, передний, бензин",https://www.avito.ru/moskva/avtomobili/ford_focus_2008_2091670591
132,"Ford Focus, 2009",349 000 ₽,"121 000 км, 1.8 MT (125 л.с.), седан, передний, бензин",https://www.avito.ru/moskva/avtomobili/ford_focus_2009_2105206653
133,"Ford Focus, 2009",439 000 ₽,"125 000 км, 2.0 AT (145 л.с.), седан, передний, бензин",https://www.avito.ru/moskva/avtomobili/ford_focus_2009_2105135228
134,"Ford Focus, 2007",258 000 ₽,"231 000 км, 2.0 MT (145 л.с.), седан, передний, бензин",https://www.avito.ru/moskva/avtomobili/ford_focus_2007_2095608459
135,"Ford Focus, 2000",127 000 ₽,"283 069 км, 2.0 AT (131 л.с.), седан, передний, бензин",https://www.avito.ru/moskva/avtomobili/ford_focus_2000_2122456119
136,"Ford Focus, 2010",375 000 ₽,"200 000 км, 1.6 AT (100 л.с.), хетчбэк, передний, бензин",https://www.avito.ru/moskva/avtomobili/ford_focus_2010_2108610839
137,"Ford Focus, 2018",610 000 ₽,"88 073 км, 1.6 AMT (105 л.с.), универсал, передний, бензин",https://www.avito.ru/moskva/avtomobili/ford_focus_2018_2056695463
138,"Ford Focus, 2011",345 000 ₽,"250 000 км, 1.6 AT (100 л.с.), седан, передний, бензин",https://www.avito.ru/moskva/avtomobili/ford_focus_2011_2102852464
139,"Ford Focus, 2012",450 000 ₽,"105 632 км, 1.6 MT (125 л.с.), универсал, передний, бензин",https://www.avito.ru/moskva/avtomobili/ford_focus_2012_2054717425
140,"Ford Focus, 2013",479 000 ₽,"91 000 км, 1.6 MT (105 л.с.), седан, передний, бензин",https://www.avito.ru/moskva/avtomobili/ford_focus_2013_2079708718
141,"Ford Focus, 2010",430 000 ₽,"158 937 км, 1.8 MT (125 л.с.), хетчбэк, передний, бензин",https://www.avito.ru/moskva/avtomobili/ford_focus_2010_2089721776
142,"Ford Focus, 2010",515 000 ₽,"82 000 км, 1.8 MT (125 л.с.), седан, передний, бензин",https://www.avito.ru/moskva/avtomobili/ford_focus_2010_2098912412
143,"Ford Focus, 2010",400 000 ₽,"116 000 км, 1.6 AT (100 л.с.), седан, передний, бензин",https://www.avito.ru/moskva/avtomobili/ford_focus_2010_2104390564
144,"Ford Focus, 2011",399 000 ₽,"119 205 км, 1.6 MT (100 л.с.), универсал, передний, бензин",https://www.avito.ru/moskva/avtomobili/ford_focus_2011_2088849840
145,"Ford Focus, 2016",700 000 ₽,"60 000 км, 1.6 AMT (125 л.с.), хетчбэк, передний, бензин",https://www.avito.ru/moskva/avtomobili/ford_focus_2016_2107099485
146,"Ford Focus, 2012",425 000 ₽,"160 307 км, 1.6 AMT (125 л.с.), хетчбэк, передний, бензин",https://www.avito.ru/moskva/avtomobili/ford_focus_2012_2059053513
147,"Ford Focus, 2011",425 000 ₽,"112 000 км, 1.8 MT (125 л.с.), хетчбэк, передний, бензин",https://www.avito.ru/moskva/avtomobili/ford_focus_2011_2094818044
148,"Ford Focus, 2010",438 000 ₽,"187 096 км, 1.8 MT (125 л.с.), универсал, передний, бензин",https://www.avito.ru/moskva/avtomobili/ford_focus_2010_2106492789
149,"Ford Focus, 2008",410 000 ₽,"160 000 км, 1.8 MT (125 л.с.), седан, передний, бензин",https://www.avito.ru/moskva/avtomobili/ford_focus_2008_2048218888
150,"Ford Focus, 2012",381 000 ₽,"184 235 км, 1.6 MT (105 л.с.), седан, передний, бензин",https://www.avito.ru/moskva/avtomobili/ford_focus_2012_2113026800
151,"Ford Focus, 2017",700 000 ₽,"80 000 км, 1.6 MT (105 л.с.), универсал, передний, бензин",https://www.avito.ru/moskva/avtomobili/ford_focus_2017_2086840826
152,"Ford Focus, 2012",615 000 ₽,"152 172 км, 2.0 AMT (140 л.с.), хетчбэк, передний, дизель",https://www.avito.ru/moskva/avtomobili/ford_focus_2012_2122794627
153,"Ford Focus, 2004",215 000 ₽,"274 000 км, 1.8 MT (116 л.с.), универсал, передний, дизель",https://www.avito.ru/moskva/avtomobili/ford_focus_2004_2085960169
154,"Ford Focus, 2016",680 000 ₽,"175 000 км, 1.6 MT (105 л.с.), седан, передний, бензин",https://www.avito.ru/moskva/avtomobili/ford_focus_2016_2069706404
155,"Ford Focus, 2012",500 000 ₽,"139 000 км, 2.0 AMT (150 л.с.), хетчбэк, передний, бензин",https://www.avito.ru/moskva/avtomobili/ford_focus_2012_2129563291
156,"Ford Focus, 2012",479 000 ₽,"99 000 км, 1.6 MT (125 л.с.), универсал, передний, бензин",https://www.avito.ru/moskva/avtomobili/ford_focus_2012_2073320585
157,"Ford Focus, 2017",950 000 ₽,"123 000 км, 1.5 AT (150 л.с.), универсал, передний, бензин",https://www.avito.ru/moskva/avtomobili/ford_focus_2017_2091697142
158,"Ford Focus, 2010",355 000 ₽,"205 000 км, 1.6 MT (100 л.с.), седан, передний, бензин",https://www.avito.ru/moskva/avtomobili/ford_focus_2010_2104905519
159,"Ford Focus, 2018",748 000 ₽,"69 430 км, 1.6 MT (105 л.с.), универсал, передний, бензин",https://www.avito.ru/moskva/avtomobili/ford_focus_2018_2106610365
160,"Ford Focus, 2004",160 000 ₽,"215 000 км, 1.8 MT (115 л.с.), хетчбэк, передний, бензин",https://www.avito.ru/moskva/avtomobili/ford_focus_2004_2092390077
161,"Ford Focus, 2007",328 000 ₽,"174 272 км, 1.8 MT (125 л.с.), седан, передний, бензин",https://www.avito.ru/moskva/avtomobili/ford_focus_2007_2088163313
162,"Ford Focus, 2007",295 000 ₽,"180 000 км, 1.8 MT (125 л.с.), хетчбэк, передний, бензин",https://www.avito.ru/moskva/avtomobili/ford_focus_2007_2100581210
163,"Ford Focus, 2009",459 000 ₽,"116 872 км, 2.0 MT (145 л.с.), хетчбэк, передний, бензин",https://www.avito.ru/moskva/avtomobili/ford_focus_2009_2109127719
164,"Ford Focus, 2005",240 000 ₽,"145 000 км, 1.6 MT (115 л.с.), седан, передний, бензин",https://www.avito.ru/moskva/avtomobili/ford_focus_2005_2109577582
165,"Ford Focus, 2011",487 000 ₽,"144 000 км, 1.6 AMT (125 л.с.), хетчбэк, передний, бензин",https://www.avito.ru/krasnodar/avtomobili/ford_focus_2011_2104748747
166,"Ford Focus, 2011",398 000 ₽,"72 000 км, 1.6 MT (115 л.с.), седан, передний, бензин",https://www.avito.ru/moskva/avtomobili/ford_focus_2011_2089261350
167,"Ford Focus, 2015",329 000 ₽,"375 258 км, 1.6 MT (125 л.с.), универсал, передний, бензин",https://www.avito.ru/moskva/avtomobili/ford_focus_2015_2122523047
168,"Ford Focus, 2008",285 000 ₽,"270 000 км, 1.8 MT (125 л.с.), седан, передний, бензин",https://www.avito.ru/moskva/avtomobili/ford_focus_2008_2107598444
169,"Ford Focus, 2012",579 000 ₽,"121 305 км, 2.0 AMT (150 л.с.), универсал, передний, бензин",https://www.avito.ru/moskva/avtomobili/ford_focus_2012_2088582723
170,"Ford Focus, 2009",398 000 ₽,"157 000 км, 2.0 MT (145 л.с.), седан, передний, бензин",https://www.avito.ru/moskva/avtomobili/ford_focus_2009_2101739581
171,"Ford Focus, 2007",200 000 ₽,"150 000 км, 2.0 AT (145 л.с.), седан, передний, бензин",https://www.avito.ru/moskva/avtomobili/ford_focus_2007_2088368884
172,"Ford Focus, 2012",570 000 ₽,"108 000 км, 1.6 AMT (125 л.с.), седан, передний, бензин",https://www.avito.ru/moskva/avtomobili/ford_focus_2012_2101648524
173,"Ford Focus, 2014",570 000 ₽,"113 000 км, 2.0 AMT (150 л.с.), хетчбэк, передний, бензин",https://www.avito.ru/moskva/avtomobili/ford_focus_2014_2095275012
174,"Ford Focus, 2013",495 000 ₽,"145 000 км, 1.6 MT (125 л.с.), хетчбэк, передний, бензин",https://www.avito.ru/moskva/avtomobili/ford_focus_2013_2088800044
175,"Ford Focus, 2016",799 000 ₽,"52 000 км, 1.5 AT (150 л.с.), универсал, передний, бензин",https://www.avito.ru/moskva/avtomobili/ford_focus_2016_2080129444
176,"Ford Focus, 2001",215 000 ₽,"127 940 км, 2.0 AT (131 л.с.), седан, передний, бензин",https://www.avito.ru/moskva/avtomobili/ford_focus_2001_2055770796
177,"Ford Focus, 2017",760 000 ₽,"82 000 км, 1.6 MT (125 л.с.), универсал, передний, бензин",https://www.avito.ru/moskva/avtomobili/ford_focus_2017_2106795892
178,"Ford Focus, 2011",449 000 ₽,"116 000 км, 1.6 MT (125 л.с.), седан, передний, бензин",https://www.avito.ru/moskva/avtomobili/ford_focus_2011_2091617213
179,"Ford Focus, 2014",699 000 ₽,"136 023 км, 1.6 AMT (125 л.с.), универсал, передний, бензин",https://www.avito.ru/moskva/avtomobili/ford_focus_2014_2087189982
180,"Ford Focus, 2018",768 000 ₽,"69 405 км, 1.6 MT (105 л.с.), универсал, передний, бензин",https://www.avito.ru/moskva/avtomobili/ford_focus_2018_2106368127
181,"Ford Focus, 2013",618 000 ₽,"122 365 км, 1.6 MT (125 л.с.), хетчбэк, передний, бензин",https://www.avito.ru/moskva/avtomobili/ford_focus_2013_2088966408
182,"Ford Focus, 2009",419 000 ₽,"116 000 км, 2.0 AT (145 л.с.), седан, передний, бензин",https://www.avito.ru/moskva/avtomobili/ford_focus_2009_2104350253
183,"Ford Focus, 2004",229 000 ₽,"140 000 км, 1.8 MT (115 л.с.), хетчбэк, передний, бензин",https://www.avito.ru/moskva/avtomobili/ford_focus_2004_2111264061
184,"Ford Focus, 2010",495 000 ₽,"106 891 км, 1.8 MT (125 л.с.), универсал, передний, бензин",https://www.avito.ru/moskva/avtomobili/ford_focus_2010_2086019937
185,"Ford Focus, 2016",740 000 ₽,"39 801 км, 1.6 AMT (105 л.с.), хетчбэк, передний, бензин",https://www.avito.ru/moskva/avtomobili/ford_focus_2016_2020609127
186,"Ford Focus, 2011",499 999 ₽,"209 000 км, 2.0 MT (150 л.с.), седан, передний, бензин",https://www.avito.ru/moskva/avtomobili/ford_focus_2011_2106877041
187,"Ford Focus, 2016",726 000 ₽,"64 336 км, 1.6 AMT (125 л.с.), хетчбэк, передний, бензин",https://www.avito.ru/moskva/avtomobili/ford_focus_2016_2098516491
188,"Ford Focus, 2008",330 000 ₽,"168 000 км, 1.6 MT (115 л.с.), хетчбэк, передний, бензин",https://www.avito.ru/moskva/avtomobili/ford_focus_2008_2106642090
189,"Ford Focus, 2016",745 000 ₽,"43 715 км, 1.6 AMT (105 л.с.), седан, передний, бензин",https://www.avito.ru/moskva/avtomobili/ford_focus_2016_1987968190
190,"Ford Focus, 2013",629 000 ₽,"132 878 км, 2.0 AMT (150 л.с.), седан, передний, бензин",https://www.avito.ru/moskva/avtomobili/ford_focus_2013_2106160710
191,"Ford Focus, 2016",750 000 ₽,"89 000 км, 1.6 MT (125 л.с.), универсал, передний, бензин",https://www.avito.ru/moskva/avtomobili/ford_focus_2016_2091149532
192,"Ford Focus, 2012",465 000 ₽,"197 000 км, 1.6 MT (105 л.с.), седан, передний, бензин",https://www.avito.ru/moskva/avtomobili/ford_focus_2012_2103574724
193,"Ford Focus, 2014",460 000 ₽,"311 000 км, 1.6 AMT (125 л.с.), седан, передний, бензин",https://www.avito.ru/moskva/avtomobili/ford_focus_2014_2078056303
194,"Ford Focus, 2008",367 000 ₽,"189 934 км, 1.6 AT (100 л.с.), хетчбэк, передний, бензин",https://www.avito.ru/moskva/avtomobili/ford_focus_2008_2102457020
195,"Ford Focus, 2013",595 000 ₽,"107 239 км, 1.6 MT (125 л.с.), универсал, передний, бензин",https://www.avito.ru/moskva/avtomobili/ford_focus_2013_2088913825
196,"Ford Focus, 2011",549 000 ₽,"132 605 км, 2.0 AMT (150 л.с.), седан, передний, бензин",https://www.avito.ru/moskva/avtomobili/ford_focus_2011_2088074502
197,"Ford Focus, 2016",350 000 ₽,"230 000 км, 1.6 MT (105 л.с.), универсал, передний, бензин",https://www.avito.ru/moskva/avtomobili/ford_focus_2016_2084078612
198,"Ford Focus, 2013",445 000 ₽,"102 574 км, 1.6 MT (105 л.с.), универсал, передний, бензин",https://www.avito.ru/moskva/avtomobili/ford_focus_2013_1958425819
199,"Ford Focus, 2012",470 000 ₽,"210 000 км, 2.0 AMT (150 л.с.), хетчбэк, передний, бензин",https://www.avito.ru/moskva/avtomobili/ford_focus_2012_2109195522
200,"Ford Focus, 2007",325 000 ₽,"141 000 км, 2.0 MT (145 л.с.), хетчбэк, передний, бензин",https://www.avito.ru/moskva/avtomobili/ford_focus_2007_2108695141
201,"Ford Focus, 2012",585 000 ₽,"245 000 км, 2.0 AMT (140 л.с.), универсал, передний, дизель",https://www.avito.ru/moskva/avtomobili/ford_focus_2012_2092508625
202,"Ford Focus, 2008",265 000 ₽,"158 879 км, 2.0 MT (145 л.с.), седан, передний, бензин",https://www.avito.ru/moskva/avtomobili/ford_focus_2008_2090589752
203,"Ford Focus, 2011",415 000 ₽,"231 002 км, 1.6 AMT (125 л.с.), седан, передний, бензин",https://www.avito.ru/moskva/avtomobili/ford_focus_2011_2079316122
204,"Ford Focus, 2017",550 000 ₽,"80 745 км, 1.6 MT (105 л.с.), универсал, передний, бензин",https://www.avito.ru/moskva/avtomobili/ford_focus_2017_2105399193
205,"Ford Focus, 2007",295 000 ₽,"223 000 км, 1.6 AT (100 л.с.), хетчбэк, передний, бензин",https://www.avito.ru/moskva/avtomobili/ford_focus_2007_2092116403
206,"Ford Focus, 2012",425 000 ₽,"165 000 км, 1.6 MT (125 л.с.), универсал, передний, бензин",https://www.avito.ru/moskva/avtomobili/ford_focus_2012_1986073043
207,"Ford Focus, 2011",440 000 ₽,"65 500 км, 2.0 AT (145 л.с.), седан, передний, бензин",https://www.avito.ru/moskva/avtomobili/ford_focus_2011_2080582910
208,"Ford Focus, 2011",230 000 ₽,"345 000 км, 1.6 MT (100 л.с.), универсал, передний, бензин",https://www.avito.ru/moskva/avtomobili/ford_focus_2011_2085125234
209,"Ford Focus, 2006",270 000 ₽,"268 000 км, 2.0 MT (145 л.с.), хетчбэк, передний, бензин",https://www.avito.ru/moskva/avtomobili/ford_focus_2006_2079121555
210,"Ford Focus, 2010",345 000 ₽,"195 168 км, 1.6 AT (100 л.с.), универсал, передний, бензин",https://www.avito.ru/moskva/avtomobili/ford_focus_2010_2081579056
211,"Ford Focus, 2008",388 000 ₽,"143 000 км, 1.6 MT (115 л.с.), седан, передний, бензин",https://www.avito.ru/moskva/avtomobili/ford_focus_2008_2087390181
212,"Ford Focus, 2013",515 000 ₽,"191 080 км, 1.6 MT (125 л.с.), универсал, передний, бензин",https://www.avito.ru/moskva/avtomobili/ford_focus_2013_2091346626
213,"Ford Focus, 2010",395 000 ₽,"166 000 км, 1.6 AT (100 л.с.), хетчбэк, передний, бензин",https://www.avito.ru/moskva/avtomobili/ford_focus_2010_2122076847
214,"Ford Focus, 2016",760 000 ₽,"43 523 км, 1.6 AMT (105 л.с.), седан, передний, бензин",https://www.avito.ru/moskva/avtomobili/ford_focus_2016_1988564969
215,"Ford Focus, 2012",625 000 ₽,"186 755 км, 1.6 MT (125 л.с.), универсал, передний, бензин",https://www.avito.ru/moskva/avtomobili/ford_focus_2012_2098168579
216,"Ford Focus, 2013",515 000 ₽,"174 130 км, 1.6 AMT (125 л.с.), седан, передний, бензин",https://www.avito.ru/moskva/avtomobili/ford_focus_2013_2106632523
217,"Ford Focus, 2008",345 000 ₽,"127 616 км, 1.6 MT (100 л.с.), хетчбэк, передний, бензин",https://www.avito.ru/moskva/avtomobili/ford_focus_2008_2054759183
218,"Ford Focus, 2008",395 000 ₽,"162 000 км, 1.6 MT (115 л.с.), седан, передний, бензин",https://www.avito.ru/moskva/avtomobili/ford_focus_2008_2060307663
219,"Ford Focus, 2012",480 000 ₽,"117 409 км, 1.6 MT (105 л.с.), седан, передний, бензин",https://www.avito.ru/moskva/avtomobili/ford_focus_2012_2105680309
220,"Ford Focus, 2006",275 000 ₽,"197 000 км, 1.8 MT (125 л.с.), хетчбэк, передний, бензин",https://www.avito.ru/moskva/avtomobili/ford_focus_2006_2106962352
221,"Ford Focus, 2016",760 000 ₽,"188 019 км, 1.5 AT (150 л.с.), седан, передний, бензин",https://www.avito.ru/moskva/avtomobili/ford_focus_2016_2111233348
222,"Ford Focus, 2007",339 000 ₽,"140 000 км, 1.8 MT (125 л.с.), хетчбэк, передний, бензин",https://www.avito.ru/moskva/avtomobili/ford_focus_2007_2091373082
223,"Ford Focus, 2006",270 000 ₽,"167 260 км, 1.8 MT (125 л.с.), седан, передний, бензин",https://www.avito.ru/moskva/avtomobili/ford_focus_2006_2107991740
